id,path,label
0,./train/Amitabh/Amitabh1.jpg,Amitabh
1,./train/Amitabh/Amitabh2.jpg,Amitabh
2,./train/Amitabh/Amitabh3.jpg,Amitabh
3,./train/Amitabh/Amitabh4.jpg,Amitabh
4,./train/Amitabh/Amitabh5.jpg,Amitabh
5,./train/Amitabh/Amitabh6.jpg,Amitabh
6,./train/Amitabh/Amitabh7.jpg,Amitabh
7,./train/Amitabh/Amitabh8.jpg,Amitabh
8,./train/Amitabh/Amitabh9.jpg,Amitabh
9,./train/Amitabh/Amitabh10.jpg,Amitabh
10,./train/Kamal/Kamal1.jpg,Kamal
11,./train/Kamal/Kamal2.jpg,Kamal
12,./train/Kamal/Kamal3.jpg,Kamal
13,./train/Kamal/Kamal4.jpg,Kamal
14,./train/Kamal/Kamal5.jpg,Kamal
15,./train/Kamal/Kamal6.jpg,Kamal
16,./train/Kamal/Kamal7.jpg,Kamal
17,./train/Kamal/Kamal8.jpg,Kamal
18,./train/Kamal/Kamal9.jpg,Kamal
19,./train/Kamal/Kamal10.jpg,Kamal
20,./train/Kamal/Kamal11.jpg,Kamal
21,./train/Rajini/Rajini1.jpg,Rajini
22,./train/Rajini/Rajini2.jpg,Rajini
23,./train/Rajini/Rajini3.jpg,Rajini
24,./train/Rajini/Rajini4.jpg,Rajini
25,./train/Rajini/Rajini5.jpg,Rajini
26,./train/Rajini/Rajini6.jpg,Rajini
27,./train/Rajini/Rajini7.jpg,Rajini
28,./train/Rajini/Rajini8.jpg,Rajini
29,./train/Rajini/Rajini9.jpg,Rajini
30,./train/Rajini/Rajini10.jpg,Rajini
31,./train/Rajini/Rajini11.jpg,Rajini
32,./train/Salman/Salman1.jpg,Salman
33,./train/Salman/Salman2.jpg,Salman
34,./train/Salman/Salman3.jpg,Salman
35,./train/Salman/Salman4.jpg,Salman
36,./train/Salman/Salman5.jpg,Salman
37,./train/Salman/Salman6.jpg,Salman
38,./train/Salman/Salman7.jpg,Salman
39,./train/Salman/Salman8.jpg,Salman
40,./train/Salman/Salman9.jpg,Salman
41,./train/Salman/Salman10.jpg,Salman
42,./train/Sharuk/Sharuk1.jpg,Sharuk
43,./train/Sharuk/Sharuk2.jpg,Sharuk
44,./train/Sharuk/Sharuk3.jpg,Sharuk
45,./train/Sharuk/Sharuk4.jpg,Sharuk
46,./train/Sharuk/Sharuk5.jpg,Sharuk
47,./train/Sharuk/Sharuk6.jpg,Sharuk
48,./train/Sharuk/Sharuk7.jpg,Sharuk
49,./train/Sharuk/Sharuk8.jpg,Sharuk
50,./train/Sharuk/Sharuk9.jpg,Sharuk
51,./train/Sharuk/Sharuk10.jpg,Sharuk
52,./train/Sharuk/Sharuk11.jpg,Sharuk
53,./train/Sharuk/Sharuk12.jpg,Sharuk
